{"cameraMode":{"drawMode":0,"name":"Shaded","section":"Shading Mode"},"sceneLighting":true,"audioPlay":false,"sceneViewState":{"m_AlwaysRefresh":false,"showFog":true,"showSkybox":true,"showFlares":true,"showImageEffects":true,"showParticleSystems":true,"showVisualEffectGraphs":true,"m_FxEnabled":true},"in2DMode":false,"pivot":{"x":-7.141175270080566,"y":-22.184131622314454,"z":97.21147918701172},"rotation":{"x":0.1807955950498581,"y":0.013272453099489212,"z":-0.0024446065071970226,"w":0.9834429025650024},"size":67.04431915283203,"orthographic":false}