{"cameraMode":{"drawMode":0,"name":"Shaded","section":"Shading Mode"},"sceneLighting":true,"audioPlay":false,"sceneViewState":{"m_AlwaysRefresh":false,"showFog":true,"showSkybox":true,"showFlares":true,"showImageEffects":true,"showParticleSystems":true,"showVisualEffectGraphs":true,"m_FxEnabled":true},"in2DMode":false,"pivot":{"x":0.8480504751205444,"y":9.436399459838868,"z":0.3814544677734375},"rotation":{"x":-0.33567970991134646,"y":0.000877129437867552,"z":-0.00027056876569986343,"w":-0.9420329332351685},"size":28.144399642944337,"orthographic":false}