{"cameraMode":{"drawMode":0,"name":"Shaded","section":"Shading Mode"},"sceneLighting":true,"audioPlay":false,"sceneViewState":{"m_AlwaysRefresh":false,"showFog":true,"showSkybox":true,"showFlares":true,"showImageEffects":true,"showParticleSystems":true,"showVisualEffectGraphs":true,"m_FxEnabled":true},"in2DMode":false,"pivot":{"x":20.321687698364259,"y":169.29635620117188,"z":75.9968032836914},"rotation":{"x":-0.07303542643785477,"y":0.05202382430434227,"z":0.0037261219695210459,"w":0.9960406422615051},"size":85.91265869140625,"orthographic":false}