{"cameraMode":{"drawMode":0,"name":"Shaded","section":"Shading Mode"},"sceneLighting":false,"audioPlay":false,"sceneViewState":{"m_AlwaysRefresh":false,"showFog":true,"showSkybox":false,"showFlares":true,"showImageEffects":true,"showParticleSystems":true,"showVisualEffectGraphs":true,"m_FxEnabled":true},"in2DMode":false,"pivot":{"x":-5.4016709327697757e-8,"y":0.4000000059604645,"z":-1.2293457984924317e-7},"rotation":{"x":0.5194748044013977,"y":0.13309359550476075,"z":-0.08241039514541626,"w":0.8401138186454773},"size":0.4022449254989624,"orthographic":false}